{"name":"c18a8abd-7c85-4dae-b6b5-706b12043772","id":"/providers/Microsoft.Flow/flows/c18a8abd-7c85-4dae-b6b5-706b12043772","type":"Microsoft.Flow/flows","properties":{"apiId":"/providers/Microsoft.PowerApps/apis/shared_logicflows","displayName":"CheckCertificates","definition":{"metadata":{"workflowEntityId":null,"creator":{"id":"b76fc279-2a06-479d-8967-3cef2e443b31","type":"User","tenantId":"94226edf-ea13-4d46-9802-ae70bbf95922"},"provisioningMethod":"FromDefinition","failureAlertSubscription":true,"clientLastModifiedTime":"2020-07-09T12:17:24.0222234Z"},"$schema":"https://schema.management.azure.com/providers/Microsoft.Logic/schemas/2016-06-01/workflowdefinition.json#","contentVersion":"1.0.0.0","parameters":{"$connections":{"defaultValue":{},"type":"Object"},"$authentication":{"defaultValue":{},"type":"SecureObject"}},"triggers":{"Recurrence":{"recurrence":{"frequency":"Day","interval":1,"timeZone":"W. Europe Standard Time","schedule":{"hours":["8"]}},"type":"Recurrence"}},"actions":{"Fetch_Access_Token":{"runAfter":{"Variable_Array_-_Action_Request_List":["Succeeded"]},"type":"Http","inputs":{"method":"POST","uri":"@variables('TokenURL')","headers":{"Content-Type":"application/x-www-form-urlencoded"},"body":"grant_type=client_credentials&client_id=@{variables('ClientID')}&client_secret=@{variables('client_secret')}"}},"Parse_JSON":{"runAfter":{"Fetch_Access_Token":["Succeeded"]},"type":"ParseJson","inputs":{"content":"@body('Fetch_Access_Token')","schema":{"type":"object","properties":{"access_token":{"type":"string"},"token_type":{"type":"string"},"expires_in":{"type":"integer"},"scope":{"type":"string"},"jti":{"type":"string"}}}}},"Call_KeystoreEntries_Service":{"runAfter":{"Parse_JSON":["Succeeded"]},"type":"Http","inputs":{"method":"GET","uri":"@{variables('CPI URL')}/api/v1/KeystoreEntries?keystoreName=system","headers":{"Authorization":"Bearer @{body('Parse_JSON')?['access_token']}","Content-Type":"application/json","Accept":"application/json"}}},"Parse_KeystoreEntries_JSON":{"runAfter":{"Call_KeystoreEntries_Service":["Succeeded"]},"type":"ParseJson","inputs":{"content":"@body('Call_KeystoreEntries_Service')","schema":{"type":"object","properties":{"d":{"type":"object","properties":{"results":{"type":"array","items":{"type":"object","properties":{"__metadata":{"type":"object","properties":{"id":{"type":"string"},"uri":{"type":"string"},"type":{"type":"string"}}},"Hexalias":{"type":"string"},"Alias":{"type":"string"},"KeyType":{"type":"string"},"KeySize":{"type":"integer"},"ValidNotBefore":{"type":"string"},"ValidNotAfter":{"type":"string"},"SerialNumber":{"type":"string"},"SignatureAlgorithm":{"type":"string"},"EllipticCurve":{},"Validity":{},"SubjectDN":{"type":"string"},"IssuerDN":{"type":"string"},"Version":{"type":"integer"},"FingerprintSha1":{"type":"string"},"FingerprintSha256":{"type":"string"},"FingerprintSha512":{"type":"string"},"Type":{"type":"string"},"Owner":{"type":"string"},"LastModifiedBy":{"type":"string"},"LastModifiedTime":{"type":"string"},"CreatedBy":{"type":"string"},"CreatedTime":{"type":"string"},"Status":{"type":"string"},"ChainCertificates":{"type":"object","properties":{"__deferred":{"type":"object","properties":{"uri":{"type":"string"}}}}},"Certificate":{"type":"object","properties":{"__deferred":{"type":"object","properties":{"uri":{"type":"string"}}}}},"Sshkey":{"type":"object","properties":{"__deferred":{"type":"object","properties":{"uri":{"type":"string"}}}}},"Keystore":{"type":"object","properties":{"__deferred":{"type":"object","properties":{"uri":{"type":"string"}}}}},"ChainResource":{"type":"object","properties":{"__deferred":{"type":"object","properties":{"uri":{"type":"string"}}}}},"SigningRequest":{"type":"object","properties":{"__deferred":{"type":"object","properties":{"uri":{"type":"string"}}}}}},"required":["__metadata","Hexalias","Alias","KeyType","KeySize","ValidNotBefore","ValidNotAfter","SerialNumber","SignatureAlgorithm","EllipticCurve","Validity","SubjectDN","IssuerDN","Version","FingerprintSha1","FingerprintSha256","FingerprintSha512","Type","Owner","LastModifiedBy","LastModifiedTime","CreatedBy","CreatedTime","Status","ChainCertificates","Certificate","Sshkey","Keystore","ChainResource","SigningRequest"]}}}}}}}},"Variable_-_Status_Certificates":{"runAfter":{"Initialize_variable":["Succeeded"]},"type":"InitializeVariable","inputs":{"variables":[{"name":"StatusCertificates","type":"string"}]}},"Send_an_email_notification_(V3)":{"runAfter":{"HTML_All_Items":["Succeeded"]},"metadata":{"flowSystemMetadata":{"swaggerOperationId":"SendEmailV3"}},"type":"ApiConnection","inputs":{"host":{"connection":{"name":"@parameters('$connections')['shared_sendmail']['connectionId']"},"api":{"runtimeUrl":"https://unitedstates-002.azure-apim.net/apim/sendmail"}},"method":"post","body":{"to":"holger.bruchelt@microsoft.com","subject":"Status Certificates - @{variables('StatusCertificates')}","text":"<p>The following certificates will expire soon. Please log on to your SCP cockpit and update these certificates:<br>\n<br>\n@{body('HTML_Action_Required_Table')}<br>\n----------------------------------------------------<br>\nHere the list of all certificates currently installed:<br>\n<br>\n@{body('HTML_All_Items')}</p>","ishtml":true},"path":"/v3/mail/send","authentication":"@parameters('$authentication')"}},"HTML_All_Items":{"runAfter":{"HTML_Action_Required_Table":["Succeeded"]},"type":"Table","inputs":{"from":"@body('Filter_and_Convert_Results')","format":"HTML"}},"Filter_and_Convert_Results":{"runAfter":{"Parse_KeystoreEntries_JSON":["Succeeded"]},"type":"Select","inputs":{"from":"@body('Parse_KeystoreEntries_JSON')?['d']?['results']","select":{"Alias":"@item()?['Alias']","KeyType":"@item()?['KeyType']","KeySize":"@item()?['KeySize']","SubjectDN":"@item()?['SubjectDN']","ValidNotAfter":"@addseconds('1970-1-1', Div(int(replace(replace(item()?['ValidNotAfter'],'/Date(',''),')/','')),1000) , 'yyyy-MM-dd')"}}},"Parse_JSON_2":{"runAfter":{"Filter_and_Convert_Results":["Succeeded"]},"type":"ParseJson","inputs":{"content":"@body('Filter_and_Convert_Results')","schema":{"type":"array","items":{"type":"object","properties":{"Alias":{"type":"string"},"KeyType":{"type":"string"},"KeySize":{"type":"integer"},"SubjectDN":{"type":"string"},"ValidNotAfter":{"type":"string"}},"required":["Alias","KeyType","KeySize","SubjectDN","ValidNotAfter"]}}}},"Apply_to_each":{"foreach":"@body('Parse_JSON_2')","actions":{"Condition":{"actions":{"Set_variable":{"runAfter":{},"type":"SetVariable","inputs":{"name":"StatusCertificates","value":"Action required!"}},"Append_to_array_variable":{"runAfter":{"Set_variable":["Succeeded"]},"type":"AppendToArrayVariable","inputs":{"name":"ActionRequiredList","value":{"Alias":"@{items('Apply_to_each')['Alias']}","KeyType":"@{items('Apply_to_each')['KeyType']}","KeySize":"@{items('Apply_to_each')['KeySize']}","SubjectDN":"@{items('Apply_to_each')['SubjectDN']}","ValidNotAfter":"@{items('Apply_to_each')['ValidNotAfter']}"}}}},"runAfter":{},"expression":{"greaterOrEquals":["@formatDateTime(addDays(utcNow(),700),'yyyy-MM-dd')","@items('Apply_to_each')['ValidNotAfter']"]},"type":"If"}},"runAfter":{"Parse_JSON_2":["Succeeded"]},"type":"Foreach"},"Variable_Array_-_Action_Request_List":{"runAfter":{"Variable_-_Status_Certificates":["Succeeded"]},"type":"InitializeVariable","inputs":{"variables":[{"name":"ActionRequiredList","type":"array"}]}},"HTML_Action_Required_Table":{"runAfter":{"Apply_to_each":["Succeeded"]},"type":"Table","inputs":{"from":"@variables('ActionRequiredList')","format":"HTML"}},"Client-ID":{"runAfter":{"Token_URL":["Succeeded"]},"type":"InitializeVariable","inputs":{"variables":[{"name":"ClientID","type":"string","value":"<ClientID>"}]}},"Client_Secret":{"runAfter":{"Client-ID":["Succeeded"]},"type":"InitializeVariable","inputs":{"variables":[{"name":"client_secret","type":"string","value":"<ClientSecret>"}]}},"Token_URL":{"runAfter":{},"type":"InitializeVariable","inputs":{"variables":[{"name":"TokenURL","type":"string","value":"<TokenURL>"}]}},"Initialize_variable":{"runAfter":{"Client_Secret":["Succeeded"]},"type":"InitializeVariable","inputs":{"variables":[{"name":"CPI URL","type":"string","value":"<CPIURL>"}]}}}},"connectionReferences":{"shared_sendmail":{"connectionName":"shared-sendmail-f214cd01-8b26-435f-94ea-b9c79a352b7b","source":"Embedded","id":"/providers/Microsoft.PowerApps/apis/shared_sendmail","tier":"NotSpecified"}},"flowFailureAlertSubscribed":false}}